backend,dtype,particles,grid,order,kernel,status,median_ms,min_ms,max_ms,first_ms,host_upload_ms,repeats,error
cpu,float64,100000,64,1,deposit,measured,11.050208006054163,10.997666046023369,12.812167056836188,12.907707947306335,0.21191604901105165,3,
cpu,float64,100000,64,1,gather,measured,26.572792092338204,24.450542056001723,29.95541610289365,23.74479197897017,0.21191604901105165,3,
cpu,float64,100000,64,1,push,measured,29.82449997216463,29.786875005811453,30.15283402055502,1798.3066670130938,0.21191604901105165,3,
cpu,float64,100000,64,1,poisson,measured,11.714459047652781,11.533832992427051,12.4204580206424,10.998249985277653,0.21191604901105165,3,
cpu,float64,100000,64,1,pipeline,measured,82.25004200357944,79.93062504101545,87.89575006812811,82.77612505480647,0.21191604901105165,3,
cpu,float64,100000,64,2,deposit,measured,19.297832972370088,18.781792023219168,20.080249989405274,17.38258299883455,0.21191604901105165,3,
cpu,float64,100000,64,2,gather,measured,56.98670807760209,50.72016594931483,58.898249990306795,53.2232909463346,0.21191604901105165,3,
cpu,float64,100000,64,2,push,measured,28.71216693893075,28.499500011093915,28.98975007701665,28.748834040015936,0.21191604901105165,3,
cpu,float64,100000,64,2,poisson,measured,11.787208030000329,11.16712496150285,12.07508402876556,12.447832967154682,0.21191604901105165,3,
cpu,float64,100000,64,2,pipeline,measured,101.9719170872122,99.67016708105803,115.10374990757555,101.41904093325138,0.21191604901105165,3,
