backend,dtype,grid,particles,order,kernel,status,median_ms,min_ms,max_ms,first_ms,host_upload_ms,repeats,error
cpu,float64,64,100000,1,deposit,measured,15.888083027675748,13.77995905932039,16.272874898277223,12.688249931670725,0.20129198674112558,3,
cpu,float64,64,100000,1,gather,measured,25.862667011097074,25.203249999321997,29.261291027069092,26.151709025725722,0.20129198674112558,3,
cpu,float64,64,100000,1,push,measured,28.59520900528878,28.54149998165667,28.760000015608966,1765.602583065629,0.20129198674112558,3,
cpu,float64,64,100000,1,poisson,measured,11.603625025600195,11.035542003810406,12.24045897834003,11.657708091661334,0.20129198674112558,3,
cpu,float64,64,100000,1,pipeline,measured,78.19562498480082,76.75733405631036,79.59612493868917,83.48595805000514,0.20129198674112558,3,
cpu,float64,64,100000,2,deposit,measured,19.52229207381606,18.42874998692423,21.628958056680858,19.955790950916708,0.20129198674112558,3,
cpu,float64,64,100000,2,gather,measured,56.199499987997115,54.74412499461323,62.46962503064424,56.53729196637869,0.20129198674112558,3,
cpu,float64,64,100000,2,push,measured,28.205459006130695,28.195291990414262,28.36716710589826,28.23066699784249,0.20129198674112558,3,
cpu,float64,64,100000,2,poisson,measured,11.591583024710417,10.767958010546863,11.624166974797845,11.210125056095421,0.20129198674112558,3,
cpu,float64,64,100000,2,pipeline,measured,104.3017499614507,102.82899998128414,115.6117080245167,126.61195895634592,0.20129198674112558,3,
cpu,float64,64,1000000,1,deposit,measured,127.52175005152822,124.44145907647908,137.04870792571455,136.7681249976158,3.4306669840589166,3,
cpu,float64,64,1000000,1,gather,measured,250.3987920936197,250.1832499401644,263.6128750164062,244.03154104948044,3.4306669840589166,3,
cpu,float64,64,1000000,1,push,measured,281.1355000594631,280.06604104302824,285.6448329985142,283.05874997749925,3.4306669840589166,3,
cpu,float64,64,1000000,1,poisson,measured,11.717083980329335,11.02920901030302,11.763458023779094,12.27058400399983,3.4306669840589166,3,
cpu,float64,64,1000000,1,pipeline,measured,702.5638329796493,684.0987500036135,708.18183303345,698.5693749738857,3.4306669840589166,3,
cpu,float64,64,1000000,2,deposit,measured,195.55212499108166,188.59187501948327,201.72204193659127,191.3048339774832,3.4306669840589166,3,
cpu,float64,64,1000000,2,gather,measured,556.7770829657093,505.5280829546973,557.6580830384046,544.3457500077784,3.4306669840589166,3,
cpu,float64,64,1000000,2,push,measured,296.46587499883026,295.2238330617547,297.25829197559506,299.53883308917284,3.4306669840589166,3,
cpu,float64,64,1000000,2,poisson,measured,12.28008302859962,12.180499965324998,13.030249974690378,11.372292065061629,3.4306669840589166,3,
cpu,float64,64,1000000,2,pipeline,measured,1069.2230829736218,1012.5632089329883,1112.646291963756,1042.9981249617413,3.4306669840589166,3,
cpu,float64,64,10000000,1,deposit,measured,1381.978249992244,1379.6367920003831,1425.587416975759,1375.5292081041262,27.88170799612999,3,
cpu,float64,64,10000000,1,gather,measured,2789.512832998298,2765.0368330068886,2866.9689170783386,2884.0392080601305,27.88170799612999,3,
cpu,float64,64,10000000,1,push,measured,2979.208290926181,2931.948082987219,3001.850749948062,3076.7229999182746,27.88170799612999,3,
cpu,float64,64,10000000,1,poisson,measured,13.501916895620525,13.176624896004796,13.618500088341534,12.302500079385936,27.88170799612999,3,
cpu,float64,64,10000000,1,pipeline,measured,7048.022333998233,6833.687250036746,7259.325916995294,7189.879749901593,27.88170799612999,3,
cpu,float64,64,10000000,2,deposit,measured,2127.924667089246,2005.8112499536946,2141.0806250059977,1968.7875419622287,27.88170799612999,3,
cpu,float64,64,10000000,2,gather,measured,5282.505457988009,5237.004375085235,5505.937792011537,5613.608582993038,27.88170799612999,3,
cpu,float64,64,10000000,2,push,measured,2879.7629170585424,2848.99787500035,2942.9261670447886,2925.9181250818074,27.88170799612999,3,
cpu,float64,64,10000000,2,poisson,measured,12.184125022031367,11.650249944068491,12.667500064708292,12.804250000044703,27.88170799612999,3,
cpu,float64,64,10000000,2,pipeline,measured,9646.077750017866,9508.875374915078,9832.843541051261,10071.44050009083,27.88170799612999,3,
cpu,float64,128,100000,1,deposit,measured,28.001583996228874,27.254875050857663,28.675250010564923,27.02220797073096,0.2797499764710665,3,
cpu,float64,128,100000,1,gather,measured,36.22370900120586,36.17662494070828,38.86395809240639,37.824666942469776,0.2797499764710665,3,
cpu,float64,128,100000,1,push,measured,28.17945904098451,27.937334030866623,28.218916966579854,28.1602080212906,0.2797499764710665,3,
cpu,float64,128,100000,1,poisson,measured,101.42716602422297,100.43049999512732,107.24899999331683,105.40495801251382,0.2797499764710665,3,
cpu,float64,128,100000,1,pipeline,measured,207.38600008189678,204.37929092440754,208.50420894566923,195.01691695768386,0.2797499764710665,3,
cpu,float64,128,100000,2,deposit,measured,51.58195795956999,47.45945904869586,53.94112493377179,50.513750058598816,0.2797499764710665,3,
cpu,float64,128,100000,2,gather,measured,85.17308393493295,81.80383301805705,87.58341695647687,85.4196670698002,0.2797499764710665,3,
cpu,float64,128,100000,2,push,measured,29.685917077586055,29.29979097098112,29.87862506415695,29.927582945674658,0.2797499764710665,3,
cpu,float64,128,100000,2,poisson,measured,111.86595796607435,111.20108398608863,113.4455829160288,113.2454170146957,0.2797499764710665,3,
cpu,float64,128,100000,2,pipeline,measured,273.27108301687986,268.37829197756946,277.04191696830094,273.19524995982647,0.2797499764710665,3,
cpu,float64,128,1000000,1,deposit,measured,272.40704104769975,259.41912503913045,272.42808300070465,249.17508393991739,2.2917090682312846,3,
cpu,float64,128,1000000,1,gather,measured,373.46441694535315,366.4532080292702,375.18987501971424,369.75499999243766,2.2917090682312846,3,
cpu,float64,128,1000000,1,push,measured,297.36874997615814,296.4854589663446,299.0379170514643,297.32262494508177,2.2917090682312846,3,
cpu,float64,128,1000000,1,poisson,measured,106.37741594109684,106.23541695531458,106.98683408554643,102.82987495884299,2.2917090682312846,3,
cpu,float64,128,1000000,1,pipeline,measured,1008.2835829816759,1000.5513749783859,1008.8213749695569,1013.108832994476,2.2917090682312846,3,
cpu,float64,128,1000000,2,deposit,measured,461.5619999822229,457.0180409355089,463.3386670611799,464.7615000139922,2.2917090682312846,3,
cpu,float64,128,1000000,2,gather,measured,852.1465000230819,830.9223339892924,859.9589579971507,847.0677079167217,2.2917090682312846,3,
cpu,float64,128,1000000,2,push,measured,297.63508308678865,294.91412499919534,297.9119169758633,295.6282499944791,2.2917090682312846,3,
cpu,float64,128,1000000,2,poisson,measured,105.85474991239607,103.50770794320852,106.23650008346885,110.03866698592901,2.2917090682312846,3,
cpu,float64,128,1000000,2,pipeline,measured,1729.3589169858024,1726.024999981746,1729.6954169869423,1691.2259170785546,2.2917090682312846,3,
cpu,float64,128,10000000,1,deposit,measured,2524.3769579101354,2461.5865839878097,2575.8999169338495,2529.404000029899,21.210874896496534,3,
cpu,float64,128,10000000,1,gather,measured,3609.4662910327315,3587.5832920428365,3666.7262919945642,3590.2546659344807,21.210874896496534,3,
cpu,float64,128,10000000,1,push,measured,2840.499084093608,2831.8430409999564,2878.9951669750735,2821.4782089926302,21.210874896496534,3,
cpu,float64,128,10000000,1,poisson,measured,103.10291696805507,101.84150002896786,103.92062494065613,106.07645800337195,21.210874896496534,3,
cpu,float64,128,10000000,1,pipeline,measured,9026.80487500038,8837.999416980892,9051.429833984002,8802.351083955728,21.210874896496534,3,
cpu,float64,128,10000000,2,deposit,measured,4327.397832996212,4307.222707895562,4341.701708035544,4226.0378749342635,21.210874896496534,3,
cpu,float64,128,10000000,2,gather,measured,8223.868750035763,8221.778249950148,8235.048207920045,8097.96354197897,21.210874896496534,3,
cpu,float64,128,10000000,2,push,measured,2897.970375022851,2892.5484579522163,2918.74104202725,2901.021416997537,21.210874896496534,3,
cpu,float64,128,10000000,2,poisson,measured,120.25395792443305,118.04733297321945,125.14554196968675,121.06516701169312,21.210874896496534,3,
cpu,float64,128,10000000,2,pipeline,measured,15315.46824995894,15248.012125026435,15435.825500055216,15485.766915953718,21.210874896496534,3,
mlx,float32,64,100000,1,deposit,unavailable,,,,,,,"[metal::load_device] No Metal device available. This typically occurs in headless, sandboxed, or virtualized macOS sessions where the GPU is not accessible."
mlx,float32,64,100000,1,gather,unavailable,,,,,,,"[metal::load_device] No Metal device available. This typically occurs in headless, sandboxed, or virtualized macOS sessions where the GPU is not accessible."
mlx,float32,64,100000,1,push,unavailable,,,,,,,"[metal::load_device] No Metal device available. This typically occurs in headless, sandboxed, or virtualized macOS sessions where the GPU is not accessible."
mlx,float32,64,100000,1,poisson,unavailable,,,,,,,"[metal::load_device] No Metal device available. This typically occurs in headless, sandboxed, or virtualized macOS sessions where the GPU is not accessible."
mlx,float32,64,100000,1,pipeline,unavailable,,,,,,,"[metal::load_device] No Metal device available. This typically occurs in headless, sandboxed, or virtualized macOS sessions where the GPU is not accessible."
mlx,float32,64,100000,2,deposit,unavailable,,,,,,,"[metal::load_device] No Metal device available. This typically occurs in headless, sandboxed, or virtualized macOS sessions where the GPU is not accessible."
mlx,float32,64,100000,2,gather,unavailable,,,,,,,"[metal::load_device] No Metal device available. This typically occurs in headless, sandboxed, or virtualized macOS sessions where the GPU is not accessible."
mlx,float32,64,100000,2,push,unavailable,,,,,,,"[metal::load_device] No Metal device available. This typically occurs in headless, sandboxed, or virtualized macOS sessions where the GPU is not accessible."
mlx,float32,64,100000,2,poisson,unavailable,,,,,,,"[metal::load_device] No Metal device available. This typically occurs in headless, sandboxed, or virtualized macOS sessions where the GPU is not accessible."
mlx,float32,64,100000,2,pipeline,unavailable,,,,,,,"[metal::load_device] No Metal device available. This typically occurs in headless, sandboxed, or virtualized macOS sessions where the GPU is not accessible."
mlx,float32,64,1000000,1,deposit,unavailable,,,,,,,"[metal::load_device] No Metal device available. This typically occurs in headless, sandboxed, or virtualized macOS sessions where the GPU is not accessible."
mlx,float32,64,1000000,1,gather,unavailable,,,,,,,"[metal::load_device] No Metal device available. This typically occurs in headless, sandboxed, or virtualized macOS sessions where the GPU is not accessible."
mlx,float32,64,1000000,1,push,unavailable,,,,,,,"[metal::load_device] No Metal device available. This typically occurs in headless, sandboxed, or virtualized macOS sessions where the GPU is not accessible."
mlx,float32,64,1000000,1,poisson,unavailable,,,,,,,"[metal::load_device] No Metal device available. This typically occurs in headless, sandboxed, or virtualized macOS sessions where the GPU is not accessible."
mlx,float32,64,1000000,1,pipeline,unavailable,,,,,,,"[metal::load_device] No Metal device available. This typically occurs in headless, sandboxed, or virtualized macOS sessions where the GPU is not accessible."
mlx,float32,64,1000000,2,deposit,unavailable,,,,,,,"[metal::load_device] No Metal device available. This typically occurs in headless, sandboxed, or virtualized macOS sessions where the GPU is not accessible."
mlx,float32,64,1000000,2,gather,unavailable,,,,,,,"[metal::load_device] No Metal device available. This typically occurs in headless, sandboxed, or virtualized macOS sessions where the GPU is not accessible."
mlx,float32,64,1000000,2,push,unavailable,,,,,,,"[metal::load_device] No Metal device available. This typically occurs in headless, sandboxed, or virtualized macOS sessions where the GPU is not accessible."
mlx,float32,64,1000000,2,poisson,unavailable,,,,,,,"[metal::load_device] No Metal device available. This typically occurs in headless, sandboxed, or virtualized macOS sessions where the GPU is not accessible."
mlx,float32,64,1000000,2,pipeline,unavailable,,,,,,,"[metal::load_device] No Metal device available. This typically occurs in headless, sandboxed, or virtualized macOS sessions where the GPU is not accessible."
mlx,float32,64,10000000,1,deposit,unavailable,,,,,,,"[metal::load_device] No Metal device available. This typically occurs in headless, sandboxed, or virtualized macOS sessions where the GPU is not accessible."
mlx,float32,64,10000000,1,gather,unavailable,,,,,,,"[metal::load_device] No Metal device available. This typically occurs in headless, sandboxed, or virtualized macOS sessions where the GPU is not accessible."
mlx,float32,64,10000000,1,push,unavailable,,,,,,,"[metal::load_device] No Metal device available. This typically occurs in headless, sandboxed, or virtualized macOS sessions where the GPU is not accessible."
mlx,float32,64,10000000,1,poisson,unavailable,,,,,,,"[metal::load_device] No Metal device available. This typically occurs in headless, sandboxed, or virtualized macOS sessions where the GPU is not accessible."
mlx,float32,64,10000000,1,pipeline,unavailable,,,,,,,"[metal::load_device] No Metal device available. This typically occurs in headless, sandboxed, or virtualized macOS sessions where the GPU is not accessible."
mlx,float32,64,10000000,2,deposit,unavailable,,,,,,,"[metal::load_device] No Metal device available. This typically occurs in headless, sandboxed, or virtualized macOS sessions where the GPU is not accessible."
mlx,float32,64,10000000,2,gather,unavailable,,,,,,,"[metal::load_device] No Metal device available. This typically occurs in headless, sandboxed, or virtualized macOS sessions where the GPU is not accessible."
mlx,float32,64,10000000,2,push,unavailable,,,,,,,"[metal::load_device] No Metal device available. This typically occurs in headless, sandboxed, or virtualized macOS sessions where the GPU is not accessible."
mlx,float32,64,10000000,2,poisson,unavailable,,,,,,,"[metal::load_device] No Metal device available. This typically occurs in headless, sandboxed, or virtualized macOS sessions where the GPU is not accessible."
mlx,float32,64,10000000,2,pipeline,unavailable,,,,,,,"[metal::load_device] No Metal device available. This typically occurs in headless, sandboxed, or virtualized macOS sessions where the GPU is not accessible."
mlx,float32,128,100000,1,deposit,unavailable,,,,,,,"[metal::load_device] No Metal device available. This typically occurs in headless, sandboxed, or virtualized macOS sessions where the GPU is not accessible."
mlx,float32,128,100000,1,gather,unavailable,,,,,,,"[metal::load_device] No Metal device available. This typically occurs in headless, sandboxed, or virtualized macOS sessions where the GPU is not accessible."
mlx,float32,128,100000,1,push,unavailable,,,,,,,"[metal::load_device] No Metal device available. This typically occurs in headless, sandboxed, or virtualized macOS sessions where the GPU is not accessible."
mlx,float32,128,100000,1,poisson,unavailable,,,,,,,"[metal::load_device] No Metal device available. This typically occurs in headless, sandboxed, or virtualized macOS sessions where the GPU is not accessible."
mlx,float32,128,100000,1,pipeline,unavailable,,,,,,,"[metal::load_device] No Metal device available. This typically occurs in headless, sandboxed, or virtualized macOS sessions where the GPU is not accessible."
mlx,float32,128,100000,2,deposit,unavailable,,,,,,,"[metal::load_device] No Metal device available. This typically occurs in headless, sandboxed, or virtualized macOS sessions where the GPU is not accessible."
mlx,float32,128,100000,2,gather,unavailable,,,,,,,"[metal::load_device] No Metal device available. This typically occurs in headless, sandboxed, or virtualized macOS sessions where the GPU is not accessible."
mlx,float32,128,100000,2,push,unavailable,,,,,,,"[metal::load_device] No Metal device available. This typically occurs in headless, sandboxed, or virtualized macOS sessions where the GPU is not accessible."
mlx,float32,128,100000,2,poisson,unavailable,,,,,,,"[metal::load_device] No Metal device available. This typically occurs in headless, sandboxed, or virtualized macOS sessions where the GPU is not accessible."
mlx,float32,128,100000,2,pipeline,unavailable,,,,,,,"[metal::load_device] No Metal device available. This typically occurs in headless, sandboxed, or virtualized macOS sessions where the GPU is not accessible."
mlx,float32,128,1000000,1,deposit,unavailable,,,,,,,"[metal::load_device] No Metal device available. This typically occurs in headless, sandboxed, or virtualized macOS sessions where the GPU is not accessible."
mlx,float32,128,1000000,1,gather,unavailable,,,,,,,"[metal::load_device] No Metal device available. This typically occurs in headless, sandboxed, or virtualized macOS sessions where the GPU is not accessible."
mlx,float32,128,1000000,1,push,unavailable,,,,,,,"[metal::load_device] No Metal device available. This typically occurs in headless, sandboxed, or virtualized macOS sessions where the GPU is not accessible."
mlx,float32,128,1000000,1,poisson,unavailable,,,,,,,"[metal::load_device] No Metal device available. This typically occurs in headless, sandboxed, or virtualized macOS sessions where the GPU is not accessible."
mlx,float32,128,1000000,1,pipeline,unavailable,,,,,,,"[metal::load_device] No Metal device available. This typically occurs in headless, sandboxed, or virtualized macOS sessions where the GPU is not accessible."
mlx,float32,128,1000000,2,deposit,unavailable,,,,,,,"[metal::load_device] No Metal device available. This typically occurs in headless, sandboxed, or virtualized macOS sessions where the GPU is not accessible."
mlx,float32,128,1000000,2,gather,unavailable,,,,,,,"[metal::load_device] No Metal device available. This typically occurs in headless, sandboxed, or virtualized macOS sessions where the GPU is not accessible."
mlx,float32,128,1000000,2,push,unavailable,,,,,,,"[metal::load_device] No Metal device available. This typically occurs in headless, sandboxed, or virtualized macOS sessions where the GPU is not accessible."
mlx,float32,128,1000000,2,poisson,unavailable,,,,,,,"[metal::load_device] No Metal device available. This typically occurs in headless, sandboxed, or virtualized macOS sessions where the GPU is not accessible."
mlx,float32,128,1000000,2,pipeline,unavailable,,,,,,,"[metal::load_device] No Metal device available. This typically occurs in headless, sandboxed, or virtualized macOS sessions where the GPU is not accessible."
mlx,float32,128,10000000,1,deposit,unavailable,,,,,,,"[metal::load_device] No Metal device available. This typically occurs in headless, sandboxed, or virtualized macOS sessions where the GPU is not accessible."
mlx,float32,128,10000000,1,gather,unavailable,,,,,,,"[metal::load_device] No Metal device available. This typically occurs in headless, sandboxed, or virtualized macOS sessions where the GPU is not accessible."
mlx,float32,128,10000000,1,push,unavailable,,,,,,,"[metal::load_device] No Metal device available. This typically occurs in headless, sandboxed, or virtualized macOS sessions where the GPU is not accessible."
mlx,float32,128,10000000,1,poisson,unavailable,,,,,,,"[metal::load_device] No Metal device available. This typically occurs in headless, sandboxed, or virtualized macOS sessions where the GPU is not accessible."
mlx,float32,128,10000000,1,pipeline,unavailable,,,,,,,"[metal::load_device] No Metal device available. This typically occurs in headless, sandboxed, or virtualized macOS sessions where the GPU is not accessible."
mlx,float32,128,10000000,2,deposit,unavailable,,,,,,,"[metal::load_device] No Metal device available. This typically occurs in headless, sandboxed, or virtualized macOS sessions where the GPU is not accessible."
mlx,float32,128,10000000,2,gather,unavailable,,,,,,,"[metal::load_device] No Metal device available. This typically occurs in headless, sandboxed, or virtualized macOS sessions where the GPU is not accessible."
mlx,float32,128,10000000,2,push,unavailable,,,,,,,"[metal::load_device] No Metal device available. This typically occurs in headless, sandboxed, or virtualized macOS sessions where the GPU is not accessible."
mlx,float32,128,10000000,2,poisson,unavailable,,,,,,,"[metal::load_device] No Metal device available. This typically occurs in headless, sandboxed, or virtualized macOS sessions where the GPU is not accessible."
mlx,float32,128,10000000,2,pipeline,unavailable,,,,,,,"[metal::load_device] No Metal device available. This typically occurs in headless, sandboxed, or virtualized macOS sessions where the GPU is not accessible."
taichi-metal,float32,64,100000,1,deposit,unavailable,,,,,,,"[runtime.cpp:host_to_device@59] Assertion failure: device_->map(*device_args_buffer_, &device_base) == RhiResult::success"
taichi-metal,float32,64,100000,1,gather,unavailable,,,,,,,"[runtime.cpp:host_to_device@59] Assertion failure: device_->map(*device_args_buffer_, &device_base) == RhiResult::success"
taichi-metal,float32,64,100000,1,push,unavailable,,,,,,,"[runtime.cpp:host_to_device@59] Assertion failure: device_->map(*device_args_buffer_, &device_base) == RhiResult::success"
taichi-metal,float32,64,100000,1,poisson,unavailable,,,,,,,"[runtime.cpp:host_to_device@59] Assertion failure: device_->map(*device_args_buffer_, &device_base) == RhiResult::success"
taichi-metal,float32,64,100000,1,pipeline,unavailable,,,,,,,"[runtime.cpp:host_to_device@59] Assertion failure: device_->map(*device_args_buffer_, &device_base) == RhiResult::success"
taichi-metal,float32,64,100000,2,deposit,unavailable,,,,,,,"[runtime.cpp:host_to_device@59] Assertion failure: device_->map(*device_args_buffer_, &device_base) == RhiResult::success"
taichi-metal,float32,64,100000,2,gather,unavailable,,,,,,,"[runtime.cpp:host_to_device@59] Assertion failure: device_->map(*device_args_buffer_, &device_base) == RhiResult::success"
taichi-metal,float32,64,100000,2,push,unavailable,,,,,,,"[runtime.cpp:host_to_device@59] Assertion failure: device_->map(*device_args_buffer_, &device_base) == RhiResult::success"
taichi-metal,float32,64,100000,2,poisson,unavailable,,,,,,,"[runtime.cpp:host_to_device@59] Assertion failure: device_->map(*device_args_buffer_, &device_base) == RhiResult::success"
taichi-metal,float32,64,100000,2,pipeline,unavailable,,,,,,,"[runtime.cpp:host_to_device@59] Assertion failure: device_->map(*device_args_buffer_, &device_base) == RhiResult::success"
taichi-metal,float32,64,1000000,1,deposit,unavailable,,,,,,,"[runtime.cpp:host_to_device@59] Assertion failure: device_->map(*device_args_buffer_, &device_base) == RhiResult::success"
taichi-metal,float32,64,1000000,1,gather,unavailable,,,,,,,"[runtime.cpp:host_to_device@59] Assertion failure: device_->map(*device_args_buffer_, &device_base) == RhiResult::success"
taichi-metal,float32,64,1000000,1,push,unavailable,,,,,,,"[runtime.cpp:host_to_device@59] Assertion failure: device_->map(*device_args_buffer_, &device_base) == RhiResult::success"
taichi-metal,float32,64,1000000,1,poisson,unavailable,,,,,,,"[runtime.cpp:host_to_device@59] Assertion failure: device_->map(*device_args_buffer_, &device_base) == RhiResult::success"
taichi-metal,float32,64,1000000,1,pipeline,unavailable,,,,,,,"[runtime.cpp:host_to_device@59] Assertion failure: device_->map(*device_args_buffer_, &device_base) == RhiResult::success"
taichi-metal,float32,64,1000000,2,deposit,unavailable,,,,,,,"[runtime.cpp:host_to_device@59] Assertion failure: device_->map(*device_args_buffer_, &device_base) == RhiResult::success"
taichi-metal,float32,64,1000000,2,gather,unavailable,,,,,,,"[runtime.cpp:host_to_device@59] Assertion failure: device_->map(*device_args_buffer_, &device_base) == RhiResult::success"
taichi-metal,float32,64,1000000,2,push,unavailable,,,,,,,"[runtime.cpp:host_to_device@59] Assertion failure: device_->map(*device_args_buffer_, &device_base) == RhiResult::success"
taichi-metal,float32,64,1000000,2,poisson,unavailable,,,,,,,"[runtime.cpp:host_to_device@59] Assertion failure: device_->map(*device_args_buffer_, &device_base) == RhiResult::success"
taichi-metal,float32,64,1000000,2,pipeline,unavailable,,,,,,,"[runtime.cpp:host_to_device@59] Assertion failure: device_->map(*device_args_buffer_, &device_base) == RhiResult::success"
taichi-metal,float32,64,10000000,1,deposit,unavailable,,,,,,,"[runtime.cpp:host_to_device@59] Assertion failure: device_->map(*device_args_buffer_, &device_base) == RhiResult::success"
taichi-metal,float32,64,10000000,1,gather,unavailable,,,,,,,"[runtime.cpp:host_to_device@59] Assertion failure: device_->map(*device_args_buffer_, &device_base) == RhiResult::success"
taichi-metal,float32,64,10000000,1,push,unavailable,,,,,,,"[runtime.cpp:host_to_device@59] Assertion failure: device_->map(*device_args_buffer_, &device_base) == RhiResult::success"
taichi-metal,float32,64,10000000,1,poisson,unavailable,,,,,,,"[runtime.cpp:host_to_device@59] Assertion failure: device_->map(*device_args_buffer_, &device_base) == RhiResult::success"
taichi-metal,float32,64,10000000,1,pipeline,unavailable,,,,,,,"[runtime.cpp:host_to_device@59] Assertion failure: device_->map(*device_args_buffer_, &device_base) == RhiResult::success"
taichi-metal,float32,64,10000000,2,deposit,unavailable,,,,,,,"[runtime.cpp:host_to_device@59] Assertion failure: device_->map(*device_args_buffer_, &device_base) == RhiResult::success"
taichi-metal,float32,64,10000000,2,gather,unavailable,,,,,,,"[runtime.cpp:host_to_device@59] Assertion failure: device_->map(*device_args_buffer_, &device_base) == RhiResult::success"
taichi-metal,float32,64,10000000,2,push,unavailable,,,,,,,"[runtime.cpp:host_to_device@59] Assertion failure: device_->map(*device_args_buffer_, &device_base) == RhiResult::success"
taichi-metal,float32,64,10000000,2,poisson,unavailable,,,,,,,"[runtime.cpp:host_to_device@59] Assertion failure: device_->map(*device_args_buffer_, &device_base) == RhiResult::success"
taichi-metal,float32,64,10000000,2,pipeline,unavailable,,,,,,,"[runtime.cpp:host_to_device@59] Assertion failure: device_->map(*device_args_buffer_, &device_base) == RhiResult::success"
taichi-metal,float32,128,100000,1,deposit,unavailable,,,,,,,"[runtime.cpp:host_to_device@59] Assertion failure: device_->map(*device_args_buffer_, &device_base) == RhiResult::success"
taichi-metal,float32,128,100000,1,gather,unavailable,,,,,,,"[runtime.cpp:host_to_device@59] Assertion failure: device_->map(*device_args_buffer_, &device_base) == RhiResult::success"
taichi-metal,float32,128,100000,1,push,unavailable,,,,,,,"[runtime.cpp:host_to_device@59] Assertion failure: device_->map(*device_args_buffer_, &device_base) == RhiResult::success"
taichi-metal,float32,128,100000,1,poisson,unavailable,,,,,,,"[runtime.cpp:host_to_device@59] Assertion failure: device_->map(*device_args_buffer_, &device_base) == RhiResult::success"
taichi-metal,float32,128,100000,1,pipeline,unavailable,,,,,,,"[runtime.cpp:host_to_device@59] Assertion failure: device_->map(*device_args_buffer_, &device_base) == RhiResult::success"
taichi-metal,float32,128,100000,2,deposit,unavailable,,,,,,,"[runtime.cpp:host_to_device@59] Assertion failure: device_->map(*device_args_buffer_, &device_base) == RhiResult::success"
taichi-metal,float32,128,100000,2,gather,unavailable,,,,,,,"[runtime.cpp:host_to_device@59] Assertion failure: device_->map(*device_args_buffer_, &device_base) == RhiResult::success"
taichi-metal,float32,128,100000,2,push,unavailable,,,,,,,"[runtime.cpp:host_to_device@59] Assertion failure: device_->map(*device_args_buffer_, &device_base) == RhiResult::success"
taichi-metal,float32,128,100000,2,poisson,unavailable,,,,,,,"[runtime.cpp:host_to_device@59] Assertion failure: device_->map(*device_args_buffer_, &device_base) == RhiResult::success"
taichi-metal,float32,128,100000,2,pipeline,unavailable,,,,,,,"[runtime.cpp:host_to_device@59] Assertion failure: device_->map(*device_args_buffer_, &device_base) == RhiResult::success"
taichi-metal,float32,128,1000000,1,deposit,unavailable,,,,,,,"[runtime.cpp:host_to_device@59] Assertion failure: device_->map(*device_args_buffer_, &device_base) == RhiResult::success"
taichi-metal,float32,128,1000000,1,gather,unavailable,,,,,,,"[runtime.cpp:host_to_device@59] Assertion failure: device_->map(*device_args_buffer_, &device_base) == RhiResult::success"
taichi-metal,float32,128,1000000,1,push,unavailable,,,,,,,"[runtime.cpp:host_to_device@59] Assertion failure: device_->map(*device_args_buffer_, &device_base) == RhiResult::success"
taichi-metal,float32,128,1000000,1,poisson,unavailable,,,,,,,"[runtime.cpp:host_to_device@59] Assertion failure: device_->map(*device_args_buffer_, &device_base) == RhiResult::success"
taichi-metal,float32,128,1000000,1,pipeline,unavailable,,,,,,,"[runtime.cpp:host_to_device@59] Assertion failure: device_->map(*device_args_buffer_, &device_base) == RhiResult::success"
taichi-metal,float32,128,1000000,2,deposit,unavailable,,,,,,,"[runtime.cpp:host_to_device@59] Assertion failure: device_->map(*device_args_buffer_, &device_base) == RhiResult::success"
taichi-metal,float32,128,1000000,2,gather,unavailable,,,,,,,"[runtime.cpp:host_to_device@59] Assertion failure: device_->map(*device_args_buffer_, &device_base) == RhiResult::success"
taichi-metal,float32,128,1000000,2,push,unavailable,,,,,,,"[runtime.cpp:host_to_device@59] Assertion failure: device_->map(*device_args_buffer_, &device_base) == RhiResult::success"
taichi-metal,float32,128,1000000,2,poisson,unavailable,,,,,,,"[runtime.cpp:host_to_device@59] Assertion failure: device_->map(*device_args_buffer_, &device_base) == RhiResult::success"
taichi-metal,float32,128,1000000,2,pipeline,unavailable,,,,,,,"[runtime.cpp:host_to_device@59] Assertion failure: device_->map(*device_args_buffer_, &device_base) == RhiResult::success"
taichi-metal,float32,128,10000000,1,deposit,unavailable,,,,,,,"[runtime.cpp:host_to_device@59] Assertion failure: device_->map(*device_args_buffer_, &device_base) == RhiResult::success"
taichi-metal,float32,128,10000000,1,gather,unavailable,,,,,,,"[runtime.cpp:host_to_device@59] Assertion failure: device_->map(*device_args_buffer_, &device_base) == RhiResult::success"
taichi-metal,float32,128,10000000,1,push,unavailable,,,,,,,"[runtime.cpp:host_to_device@59] Assertion failure: device_->map(*device_args_buffer_, &device_base) == RhiResult::success"
taichi-metal,float32,128,10000000,1,poisson,unavailable,,,,,,,"[runtime.cpp:host_to_device@59] Assertion failure: device_->map(*device_args_buffer_, &device_base) == RhiResult::success"
taichi-metal,float32,128,10000000,1,pipeline,unavailable,,,,,,,"[runtime.cpp:host_to_device@59] Assertion failure: device_->map(*device_args_buffer_, &device_base) == RhiResult::success"
taichi-metal,float32,128,10000000,2,deposit,unavailable,,,,,,,"[runtime.cpp:host_to_device@59] Assertion failure: device_->map(*device_args_buffer_, &device_base) == RhiResult::success"
taichi-metal,float32,128,10000000,2,gather,unavailable,,,,,,,"[runtime.cpp:host_to_device@59] Assertion failure: device_->map(*device_args_buffer_, &device_base) == RhiResult::success"
taichi-metal,float32,128,10000000,2,push,unavailable,,,,,,,"[runtime.cpp:host_to_device@59] Assertion failure: device_->map(*device_args_buffer_, &device_base) == RhiResult::success"
taichi-metal,float32,128,10000000,2,poisson,unavailable,,,,,,,"[runtime.cpp:host_to_device@59] Assertion failure: device_->map(*device_args_buffer_, &device_base) == RhiResult::success"
taichi-metal,float32,128,10000000,2,pipeline,unavailable,,,,,,,"[runtime.cpp:host_to_device@59] Assertion failure: device_->map(*device_args_buffer_, &device_base) == RhiResult::success"
cupy,float64,64,100000,1,deposit,pending_colab,,,,,,,
cupy,float64,64,100000,1,gather,pending_colab,,,,,,,
cupy,float64,64,100000,1,push,pending_colab,,,,,,,
cupy,float64,64,100000,1,poisson,pending_colab,,,,,,,
cupy,float64,64,100000,1,pipeline,pending_colab,,,,,,,
cupy,float64,64,100000,2,deposit,pending_colab,,,,,,,
cupy,float64,64,100000,2,gather,pending_colab,,,,,,,
cupy,float64,64,100000,2,push,pending_colab,,,,,,,
cupy,float64,64,100000,2,poisson,pending_colab,,,,,,,
cupy,float64,64,100000,2,pipeline,pending_colab,,,,,,,
cupy,float64,64,1000000,1,deposit,pending_colab,,,,,,,
cupy,float64,64,1000000,1,gather,pending_colab,,,,,,,
cupy,float64,64,1000000,1,push,pending_colab,,,,,,,
cupy,float64,64,1000000,1,poisson,pending_colab,,,,,,,
cupy,float64,64,1000000,1,pipeline,pending_colab,,,,,,,
cupy,float64,64,1000000,2,deposit,pending_colab,,,,,,,
cupy,float64,64,1000000,2,gather,pending_colab,,,,,,,
cupy,float64,64,1000000,2,push,pending_colab,,,,,,,
cupy,float64,64,1000000,2,poisson,pending_colab,,,,,,,
cupy,float64,64,1000000,2,pipeline,pending_colab,,,,,,,
cupy,float64,64,10000000,1,deposit,pending_colab,,,,,,,
cupy,float64,64,10000000,1,gather,pending_colab,,,,,,,
cupy,float64,64,10000000,1,push,pending_colab,,,,,,,
cupy,float64,64,10000000,1,poisson,pending_colab,,,,,,,
cupy,float64,64,10000000,1,pipeline,pending_colab,,,,,,,
cupy,float64,64,10000000,2,deposit,pending_colab,,,,,,,
cupy,float64,64,10000000,2,gather,pending_colab,,,,,,,
cupy,float64,64,10000000,2,push,pending_colab,,,,,,,
cupy,float64,64,10000000,2,poisson,pending_colab,,,,,,,
cupy,float64,64,10000000,2,pipeline,pending_colab,,,,,,,
cupy,float64,128,100000,1,deposit,pending_colab,,,,,,,
cupy,float64,128,100000,1,gather,pending_colab,,,,,,,
cupy,float64,128,100000,1,push,pending_colab,,,,,,,
cupy,float64,128,100000,1,poisson,pending_colab,,,,,,,
cupy,float64,128,100000,1,pipeline,pending_colab,,,,,,,
cupy,float64,128,100000,2,deposit,pending_colab,,,,,,,
cupy,float64,128,100000,2,gather,pending_colab,,,,,,,
cupy,float64,128,100000,2,push,pending_colab,,,,,,,
cupy,float64,128,100000,2,poisson,pending_colab,,,,,,,
cupy,float64,128,100000,2,pipeline,pending_colab,,,,,,,
cupy,float64,128,1000000,1,deposit,pending_colab,,,,,,,
cupy,float64,128,1000000,1,gather,pending_colab,,,,,,,
cupy,float64,128,1000000,1,push,pending_colab,,,,,,,
cupy,float64,128,1000000,1,poisson,pending_colab,,,,,,,
cupy,float64,128,1000000,1,pipeline,pending_colab,,,,,,,
cupy,float64,128,1000000,2,deposit,pending_colab,,,,,,,
cupy,float64,128,1000000,2,gather,pending_colab,,,,,,,
cupy,float64,128,1000000,2,push,pending_colab,,,,,,,
cupy,float64,128,1000000,2,poisson,pending_colab,,,,,,,
cupy,float64,128,1000000,2,pipeline,pending_colab,,,,,,,
cupy,float64,128,10000000,1,deposit,pending_colab,,,,,,,
cupy,float64,128,10000000,1,gather,pending_colab,,,,,,,
cupy,float64,128,10000000,1,push,pending_colab,,,,,,,
cupy,float64,128,10000000,1,poisson,pending_colab,,,,,,,
cupy,float64,128,10000000,1,pipeline,pending_colab,,,,,,,
cupy,float64,128,10000000,2,deposit,pending_colab,,,,,,,
cupy,float64,128,10000000,2,gather,pending_colab,,,,,,,
cupy,float64,128,10000000,2,push,pending_colab,,,,,,,
cupy,float64,128,10000000,2,poisson,pending_colab,,,,,,,
cupy,float64,128,10000000,2,pipeline,pending_colab,,,,,,,
cupy,float32,64,100000,1,deposit,pending_colab,,,,,,,
cupy,float32,64,100000,1,gather,pending_colab,,,,,,,
cupy,float32,64,100000,1,push,pending_colab,,,,,,,
cupy,float32,64,100000,1,poisson,pending_colab,,,,,,,
cupy,float32,64,100000,1,pipeline,pending_colab,,,,,,,
cupy,float32,64,100000,2,deposit,pending_colab,,,,,,,
cupy,float32,64,100000,2,gather,pending_colab,,,,,,,
cupy,float32,64,100000,2,push,pending_colab,,,,,,,
cupy,float32,64,100000,2,poisson,pending_colab,,,,,,,
cupy,float32,64,100000,2,pipeline,pending_colab,,,,,,,
cupy,float32,64,1000000,1,deposit,pending_colab,,,,,,,
cupy,float32,64,1000000,1,gather,pending_colab,,,,,,,
cupy,float32,64,1000000,1,push,pending_colab,,,,,,,
cupy,float32,64,1000000,1,poisson,pending_colab,,,,,,,
cupy,float32,64,1000000,1,pipeline,pending_colab,,,,,,,
cupy,float32,64,1000000,2,deposit,pending_colab,,,,,,,
cupy,float32,64,1000000,2,gather,pending_colab,,,,,,,
cupy,float32,64,1000000,2,push,pending_colab,,,,,,,
cupy,float32,64,1000000,2,poisson,pending_colab,,,,,,,
cupy,float32,64,1000000,2,pipeline,pending_colab,,,,,,,
cupy,float32,64,10000000,1,deposit,pending_colab,,,,,,,
cupy,float32,64,10000000,1,gather,pending_colab,,,,,,,
cupy,float32,64,10000000,1,push,pending_colab,,,,,,,
cupy,float32,64,10000000,1,poisson,pending_colab,,,,,,,
cupy,float32,64,10000000,1,pipeline,pending_colab,,,,,,,
cupy,float32,64,10000000,2,deposit,pending_colab,,,,,,,
cupy,float32,64,10000000,2,gather,pending_colab,,,,,,,
cupy,float32,64,10000000,2,push,pending_colab,,,,,,,
cupy,float32,64,10000000,2,poisson,pending_colab,,,,,,,
cupy,float32,64,10000000,2,pipeline,pending_colab,,,,,,,
cupy,float32,128,100000,1,deposit,pending_colab,,,,,,,
cupy,float32,128,100000,1,gather,pending_colab,,,,,,,
cupy,float32,128,100000,1,push,pending_colab,,,,,,,
cupy,float32,128,100000,1,poisson,pending_colab,,,,,,,
cupy,float32,128,100000,1,pipeline,pending_colab,,,,,,,
cupy,float32,128,100000,2,deposit,pending_colab,,,,,,,
cupy,float32,128,100000,2,gather,pending_colab,,,,,,,
cupy,float32,128,100000,2,push,pending_colab,,,,,,,
cupy,float32,128,100000,2,poisson,pending_colab,,,,,,,
cupy,float32,128,100000,2,pipeline,pending_colab,,,,,,,
cupy,float32,128,1000000,1,deposit,pending_colab,,,,,,,
cupy,float32,128,1000000,1,gather,pending_colab,,,,,,,
cupy,float32,128,1000000,1,push,pending_colab,,,,,,,
cupy,float32,128,1000000,1,poisson,pending_colab,,,,,,,
cupy,float32,128,1000000,1,pipeline,pending_colab,,,,,,,
cupy,float32,128,1000000,2,deposit,pending_colab,,,,,,,
cupy,float32,128,1000000,2,gather,pending_colab,,,,,,,
cupy,float32,128,1000000,2,push,pending_colab,,,,,,,
cupy,float32,128,1000000,2,poisson,pending_colab,,,,,,,
cupy,float32,128,1000000,2,pipeline,pending_colab,,,,,,,
cupy,float32,128,10000000,1,deposit,pending_colab,,,,,,,
cupy,float32,128,10000000,1,gather,pending_colab,,,,,,,
cupy,float32,128,10000000,1,push,pending_colab,,,,,,,
cupy,float32,128,10000000,1,poisson,pending_colab,,,,,,,
cupy,float32,128,10000000,1,pipeline,pending_colab,,,,,,,
cupy,float32,128,10000000,2,deposit,pending_colab,,,,,,,
cupy,float32,128,10000000,2,gather,pending_colab,,,,,,,
cupy,float32,128,10000000,2,push,pending_colab,,,,,,,
cupy,float32,128,10000000,2,poisson,pending_colab,,,,,,,
cupy,float32,128,10000000,2,pipeline,pending_colab,,,,,,,
taichi-cuda,float64,64,100000,1,deposit,pending_colab,,,,,,,
taichi-cuda,float64,64,100000,1,gather,pending_colab,,,,,,,
taichi-cuda,float64,64,100000,1,push,pending_colab,,,,,,,
taichi-cuda,float64,64,100000,1,poisson,pending_colab,,,,,,,
taichi-cuda,float64,64,100000,1,pipeline,pending_colab,,,,,,,
taichi-cuda,float64,64,100000,2,deposit,pending_colab,,,,,,,
taichi-cuda,float64,64,100000,2,gather,pending_colab,,,,,,,
taichi-cuda,float64,64,100000,2,push,pending_colab,,,,,,,
taichi-cuda,float64,64,100000,2,poisson,pending_colab,,,,,,,
taichi-cuda,float64,64,100000,2,pipeline,pending_colab,,,,,,,
taichi-cuda,float64,64,1000000,1,deposit,pending_colab,,,,,,,
taichi-cuda,float64,64,1000000,1,gather,pending_colab,,,,,,,
taichi-cuda,float64,64,1000000,1,push,pending_colab,,,,,,,
taichi-cuda,float64,64,1000000,1,poisson,pending_colab,,,,,,,
taichi-cuda,float64,64,1000000,1,pipeline,pending_colab,,,,,,,
taichi-cuda,float64,64,1000000,2,deposit,pending_colab,,,,,,,
taichi-cuda,float64,64,1000000,2,gather,pending_colab,,,,,,,
taichi-cuda,float64,64,1000000,2,push,pending_colab,,,,,,,
taichi-cuda,float64,64,1000000,2,poisson,pending_colab,,,,,,,
taichi-cuda,float64,64,1000000,2,pipeline,pending_colab,,,,,,,
taichi-cuda,float64,64,10000000,1,deposit,pending_colab,,,,,,,
taichi-cuda,float64,64,10000000,1,gather,pending_colab,,,,,,,
taichi-cuda,float64,64,10000000,1,push,pending_colab,,,,,,,
taichi-cuda,float64,64,10000000,1,poisson,pending_colab,,,,,,,
taichi-cuda,float64,64,10000000,1,pipeline,pending_colab,,,,,,,
taichi-cuda,float64,64,10000000,2,deposit,pending_colab,,,,,,,
taichi-cuda,float64,64,10000000,2,gather,pending_colab,,,,,,,
taichi-cuda,float64,64,10000000,2,push,pending_colab,,,,,,,
taichi-cuda,float64,64,10000000,2,poisson,pending_colab,,,,,,,
taichi-cuda,float64,64,10000000,2,pipeline,pending_colab,,,,,,,
taichi-cuda,float64,128,100000,1,deposit,pending_colab,,,,,,,
taichi-cuda,float64,128,100000,1,gather,pending_colab,,,,,,,
taichi-cuda,float64,128,100000,1,push,pending_colab,,,,,,,
taichi-cuda,float64,128,100000,1,poisson,pending_colab,,,,,,,
taichi-cuda,float64,128,100000,1,pipeline,pending_colab,,,,,,,
taichi-cuda,float64,128,100000,2,deposit,pending_colab,,,,,,,
taichi-cuda,float64,128,100000,2,gather,pending_colab,,,,,,,
taichi-cuda,float64,128,100000,2,push,pending_colab,,,,,,,
taichi-cuda,float64,128,100000,2,poisson,pending_colab,,,,,,,
taichi-cuda,float64,128,100000,2,pipeline,pending_colab,,,,,,,
taichi-cuda,float64,128,1000000,1,deposit,pending_colab,,,,,,,
taichi-cuda,float64,128,1000000,1,gather,pending_colab,,,,,,,
taichi-cuda,float64,128,1000000,1,push,pending_colab,,,,,,,
taichi-cuda,float64,128,1000000,1,poisson,pending_colab,,,,,,,
taichi-cuda,float64,128,1000000,1,pipeline,pending_colab,,,,,,,
taichi-cuda,float64,128,1000000,2,deposit,pending_colab,,,,,,,
taichi-cuda,float64,128,1000000,2,gather,pending_colab,,,,,,,
taichi-cuda,float64,128,1000000,2,push,pending_colab,,,,,,,
taichi-cuda,float64,128,1000000,2,poisson,pending_colab,,,,,,,
taichi-cuda,float64,128,1000000,2,pipeline,pending_colab,,,,,,,
taichi-cuda,float64,128,10000000,1,deposit,pending_colab,,,,,,,
taichi-cuda,float64,128,10000000,1,gather,pending_colab,,,,,,,
taichi-cuda,float64,128,10000000,1,push,pending_colab,,,,,,,
taichi-cuda,float64,128,10000000,1,poisson,pending_colab,,,,,,,
taichi-cuda,float64,128,10000000,1,pipeline,pending_colab,,,,,,,
taichi-cuda,float64,128,10000000,2,deposit,pending_colab,,,,,,,
taichi-cuda,float64,128,10000000,2,gather,pending_colab,,,,,,,
taichi-cuda,float64,128,10000000,2,push,pending_colab,,,,,,,
taichi-cuda,float64,128,10000000,2,poisson,pending_colab,,,,,,,
taichi-cuda,float64,128,10000000,2,pipeline,pending_colab,,,,,,,
taichi-cuda,float32,64,100000,1,deposit,pending_colab,,,,,,,
taichi-cuda,float32,64,100000,1,gather,pending_colab,,,,,,,
taichi-cuda,float32,64,100000,1,push,pending_colab,,,,,,,
taichi-cuda,float32,64,100000,1,poisson,pending_colab,,,,,,,
taichi-cuda,float32,64,100000,1,pipeline,pending_colab,,,,,,,
taichi-cuda,float32,64,100000,2,deposit,pending_colab,,,,,,,
taichi-cuda,float32,64,100000,2,gather,pending_colab,,,,,,,
taichi-cuda,float32,64,100000,2,push,pending_colab,,,,,,,
taichi-cuda,float32,64,100000,2,poisson,pending_colab,,,,,,,
taichi-cuda,float32,64,100000,2,pipeline,pending_colab,,,,,,,
taichi-cuda,float32,64,1000000,1,deposit,pending_colab,,,,,,,
taichi-cuda,float32,64,1000000,1,gather,pending_colab,,,,,,,
taichi-cuda,float32,64,1000000,1,push,pending_colab,,,,,,,
taichi-cuda,float32,64,1000000,1,poisson,pending_colab,,,,,,,
taichi-cuda,float32,64,1000000,1,pipeline,pending_colab,,,,,,,
taichi-cuda,float32,64,1000000,2,deposit,pending_colab,,,,,,,
taichi-cuda,float32,64,1000000,2,gather,pending_colab,,,,,,,
taichi-cuda,float32,64,1000000,2,push,pending_colab,,,,,,,
taichi-cuda,float32,64,1000000,2,poisson,pending_colab,,,,,,,
taichi-cuda,float32,64,1000000,2,pipeline,pending_colab,,,,,,,
taichi-cuda,float32,64,10000000,1,deposit,pending_colab,,,,,,,
taichi-cuda,float32,64,10000000,1,gather,pending_colab,,,,,,,
taichi-cuda,float32,64,10000000,1,push,pending_colab,,,,,,,
taichi-cuda,float32,64,10000000,1,poisson,pending_colab,,,,,,,
taichi-cuda,float32,64,10000000,1,pipeline,pending_colab,,,,,,,
taichi-cuda,float32,64,10000000,2,deposit,pending_colab,,,,,,,
taichi-cuda,float32,64,10000000,2,gather,pending_colab,,,,,,,
taichi-cuda,float32,64,10000000,2,push,pending_colab,,,,,,,
taichi-cuda,float32,64,10000000,2,poisson,pending_colab,,,,,,,
taichi-cuda,float32,64,10000000,2,pipeline,pending_colab,,,,,,,
taichi-cuda,float32,128,100000,1,deposit,pending_colab,,,,,,,
taichi-cuda,float32,128,100000,1,gather,pending_colab,,,,,,,
taichi-cuda,float32,128,100000,1,push,pending_colab,,,,,,,
taichi-cuda,float32,128,100000,1,poisson,pending_colab,,,,,,,
taichi-cuda,float32,128,100000,1,pipeline,pending_colab,,,,,,,
taichi-cuda,float32,128,100000,2,deposit,pending_colab,,,,,,,
taichi-cuda,float32,128,100000,2,gather,pending_colab,,,,,,,
taichi-cuda,float32,128,100000,2,push,pending_colab,,,,,,,
taichi-cuda,float32,128,100000,2,poisson,pending_colab,,,,,,,
taichi-cuda,float32,128,100000,2,pipeline,pending_colab,,,,,,,
taichi-cuda,float32,128,1000000,1,deposit,pending_colab,,,,,,,
taichi-cuda,float32,128,1000000,1,gather,pending_colab,,,,,,,
taichi-cuda,float32,128,1000000,1,push,pending_colab,,,,,,,
taichi-cuda,float32,128,1000000,1,poisson,pending_colab,,,,,,,
taichi-cuda,float32,128,1000000,1,pipeline,pending_colab,,,,,,,
taichi-cuda,float32,128,1000000,2,deposit,pending_colab,,,,,,,
taichi-cuda,float32,128,1000000,2,gather,pending_colab,,,,,,,
taichi-cuda,float32,128,1000000,2,push,pending_colab,,,,,,,
taichi-cuda,float32,128,1000000,2,poisson,pending_colab,,,,,,,
taichi-cuda,float32,128,1000000,2,pipeline,pending_colab,,,,,,,
taichi-cuda,float32,128,10000000,1,deposit,pending_colab,,,,,,,
taichi-cuda,float32,128,10000000,1,gather,pending_colab,,,,,,,
taichi-cuda,float32,128,10000000,1,push,pending_colab,,,,,,,
taichi-cuda,float32,128,10000000,1,poisson,pending_colab,,,,,,,
taichi-cuda,float32,128,10000000,1,pipeline,pending_colab,,,,,,,
taichi-cuda,float32,128,10000000,2,deposit,pending_colab,,,,,,,
taichi-cuda,float32,128,10000000,2,gather,pending_colab,,,,,,,
taichi-cuda,float32,128,10000000,2,push,pending_colab,,,,,,,
taichi-cuda,float32,128,10000000,2,poisson,pending_colab,,,,,,,
taichi-cuda,float32,128,10000000,2,pipeline,pending_colab,,,,,,,
